accuracy,precision,recall,f1_score,auc_roc
0.9047619047619048,0.8024691358024691,0.7913043478260869,0.7968476357267951,0.9447949910053034
