rank,n_estimators,max_depth,learning_rate,subsample,colsample_bytree,f1_cv_mean,f1_cv_std
1,500,7,0.01,0.8,0.7,0.8089435170951231,0.017797495430290782
2,500,7,0.01,0.9,0.7,0.8088294348410893,0.015354567267521284
3,100,7,0.05,0.7,0.9,0.80853625895045,0.017263975546076425
4,100,7,0.05,0.9,0.7,0.808383511954674,0.017262430136250343
5,200,7,0.05,0.9,0.7,0.8081761810682477,0.01596325738339191
